Protein,Start,End,Name
P02299,2,134,Histone-fold
P02299,58,132,Histone core
P32617,114,143,"YL1 nuclear, C-terminal"
P40154,237,291,INO80 complex subunit B-like conserved region
P53115,467,605,DBINO domain
P53115,709,1017,SNF2-related
P53115,669,935,P-loop containing nucleoside triphosphate hydrolase
P53115,937,1020,P-loop containing nucleoside triphosphate hydrolase
P53115,702,901,"Helicase, superfamily 1/2, ATP-binding domain"
P53115,1303,1467,"Helicase, C-terminal"
P53115,1291,1456,P-loop containing nucleoside triphosphate hydrolase
P84051,5,121,Histone-fold
P84051,17,90,Histone core
Q03435,81,165,High mobility group box domain
Q03940,23,424,"TIP49, C-terminal"
Q03940,71,379,AAA+ ATPase domain
Q03940,207,442,P-loop containing nucleoside triphosphate hydrolase
Q03940,47,161,P-loop containing nucleoside triphosphate hydrolase
Q12464,20,408,"TIP49, C-terminal"
Q12464,41,427,P-loop containing nucleoside triphosphate hydrolase
Q12464,67,368,AAA+ ATPase domain






















